{"stat.useItem.minecraft.command_block":1,"stat.flyOneCm":6835,"stat.useItem.enderio.itemRedstoneConduit":1,"stat.walkOneCm":19670,"stat.jump":30,"stat.useItem.minecraft.double_plant":5,"stat.playOneMinute":19592,"achievement.openInventory":16,"stat.useItem.minecraft.redstone_block":28,"stat.leaveGame":1,"stat.sneakTime":358,"stat.useItem.minecraft.log":9,"stat.useItem.enderio.itemPowerConduit":4,"stat.crouchOneCm":1336,"stat.timeSinceDeath":19592,"stat.pickup.minecraft.dirt":42,"stat.useItem.minecraft.dirt":66,"stat.mineBlock.minecraft.dirt":1,"stat.sprintOneCm":12441,"stat.useItem.minecraft.tallgrass":6,"stat.useItem.minecraft.dye":5,"achievement.exploreAllBiomes":{"value":0,"progress":["Plains"]},"stat.pickup.minecraft.dye":1}