{"stat.pickup.minecraft.rotten_flesh":4,"stat.walkOneCm":62748,"stat.pickup.minecraft.bone":4,"stat.useItem.minecraft.torch":2,"achievement.openInventory":51,"stat.useItem.minecraft.iron_sword":59,"stat.useItem.enderio.itemItemConduit":11,"stat.leaveGame":1,"stat.pickup.minecraft.iron_sword":2,"stat.pickup.minecraft.grass":1,"stat.pickup.minecraft.arrow":2,"stat.damageTaken":450,"stat.killEntity.Slime":15,"stat.mineBlock.minecraft.torch":6,"stat.useItem.minecraft.skull":1,"stat.mobKills":15,"stat.entityKilledBy.Creeper":1,"stat.pickup.minecraft.planks":21,"stat.pickup.minecraft.string":2,"stat.flyOneCm":21137,"stat.useItem.enderio.itemRedstoneConduit":7,"stat.mineBlock.minecraft.planks":17,"stat.deaths":2,"stat.jump":123,"stat.playOneMinute":95032,"stat.useItem.minecraft.planks":23,"stat.fallOneCm":2352,"stat.pickup.minecraft.torch":10,"stat.entityKilledBy.Slime":1,"stat.sneakTime":1982,"stat.pickup.minecraft.slime_ball":30,"stat.damageDealt":408,"stat.crouchOneCm":2681,"stat.timeSinceDeath":90294,"stat.useItem.minecraft.dirt":298,"stat.pickup.minecraft.dirt":161,"stat.mineBlock.minecraft.dirt":80,"stat.sprintOneCm":27073,"achievement.exploreAllBiomes":{"value":0,"progress":["Plains"]},"stat.pickup.minecraft.skull":3}