{"stat.pickup.minecraft.string":1,"stat.flyOneCm":5218,"stat.walkOneCm":10095,"stat.useItem.minecraft.torch":5,"stat.jump":13,"stat.playOneMinute":12089,"achievement.openInventory":10,"stat.useItem.minecraft.iron_sword":5,"stat.leaveGame":1,"stat.sneakTime":51,"stat.killEntity.Spider":1,"stat.killEntity.Slime":1,"stat.damageDealt":175,"stat.crouchOneCm":255,"stat.timeSinceDeath":12089,"stat.useItem.minecraft.dirt":59,"stat.pickup.minecraft.dirt":2,"stat.sprintOneCm":955,"stat.mineBlock.minecraft.dirt":2,"stat.mobKills":2,"achievement.exploreAllBiomes":{"value":0,"progress":["Plains"]}}