{"stat.pickup.minecraft.rotten_flesh":7,"stat.pickup.minecraft.sand":3,"stat.walkOneCm":44672,"stat.useItem.minecraft.torch":13,"achievement.openInventory":46,"stat.useItem.minecraft.iron_sword":66,"stat.craftItem.minecraft.planks":8,"stat.leaveGame":1,"stat.pickup.minecraft.grass":5,"stat.pickup.minecraft.iron_sword":2,"stat.useItem.minecraft.log":5,"stat.killEntity.Slime":55,"stat.damageTaken":770,"stat.killEntity.Spider":1,"stat.mobKills":60,"stat.mineBlock.minecraft.log":2,"stat.pickup.minecraft.log":6,"stat.pickup.minecraft.string":4,"stat.flyOneCm":6405,"stat.deaths":2,"stat.drop":1,"stat.jump":50,"stat.useItem.minecraft.sand":8,"stat.mineBlock.minecraft.sand":1,"stat.playOneMinute":49372,"stat.entityKilledBy.Zombie":2,"stat.fallOneCm":630,"stat.useItem.minecraft.planks":10,"stat.pickup.minecraft.torch":2,"stat.sneakTime":2841,"stat.pickup.minecraft.slime_ball":103,"stat.pickup.minecraft.wool":1,"stat.damageDealt":2190,"stat.crouchOneCm":10744,"stat.useItem.minecraft.wool":13,"stat.killEntity.Zombie":4,"stat.timeSinceDeath":19426,"achievement.mineWood":4,"stat.pickup.minecraft.spider_eye":2,"stat.useItem.minecraft.dirt":53,"stat.pickup.minecraft.dirt":13,"stat.sprintOneCm":10205,"stat.mineBlock.minecraft.dirt":4,"stat.drop.minecraft.grass":1,"achievement.exploreAllBiomes":{"value":0,"progress":["Plains"]},"stat.pickup.minecraft.skull":1}