{"stat.pickup.minecraft.sand":8,"stat.walkOneCm":46705,"achievement.openInventory":24,"stat.leaveGame":1,"stat.mineBlock.minecraft.yellow_flower":1,"stat.mineBlock.minecraft.red_flower":2,"stat.mineBlock.minecraft.double_plant":1,"stat.pickup.minecraft.planks":7,"stat.pickup.minecraft.reeds":3,"stat.flyOneCm":9724,"stat.mineBlock.minecraft.planks":7,"stat.drop":1,"stat.pickup.minecraft.wheat_seeds":49,"stat.jump":57,"stat.pickup.minecraft.egg":1,"stat.mineBlock.minecraft.sand":8,"stat.useItem.minecraft.sand":2,"stat.swimOneCm":85,"stat.playOneMinute":29863,"stat.drop.minecraft.wheat_seeds":1,"stat.fallOneCm":836,"stat.useItem.minecraft.planks":7,"stat.sneakTime":945,"stat.crouchOneCm":1724,"stat.timeSinceDeath":29863,"stat.pickup.minecraft.dirt":60,"stat.useItem.minecraft.dirt":60,"stat.pickup.minecraft.yellow_flower":1,"stat.mineBlock.minecraft.dirt":39,"stat.sprintOneCm":7365,"achievement.exploreAllBiomes":{"value":0,"progress":["Plains"]},"stat.mineBlock.minecraft.tallgrass":507,"stat.diveOneCm":305}