{"stat.walkOneCm":53138,"stat.useItem.minecraft.torch":2,"achievement.openInventory":64,"stat.useItem.minecraft.iron_sword":27,"stat.useItem.minecraft.stone":26,"stat.leaveGame":1,"stat.useItem.minecraft.log":16,"stat.mineBlock.minecraft.glowstone":1,"stat.mineBlock.minecraft.log":10,"stat.useItem.minecraft.glowstone":2,"stat.useItem.minecraft.golden_apple":2,"stat.pickup.minecraft.log":10,"stat.flyOneCm":239,"stat.jump":33,"stat.playOneMinute":61982,"stat.sneakTime":1958,"stat.pickup.minecraft.glowstone_dust":3,"stat.pickup.minecraft.wool":5,"stat.crouchOneCm":3985,"stat.useItem.minecraft.wool":19,"stat.mineBlock.minecraft.wool":5,"achievement.mineWood":10,"stat.timeSinceDeath":61982,"stat.pickup.minecraft.dirt":29,"stat.useItem.minecraft.dirt":39,"stat.mineBlock.minecraft.dirt":29,"stat.sprintOneCm":3144,"achievement.exploreAllBiomes":{"value":0,"progress":["Plains"]}}