{"stat.pickup.minecraft.log":3,"stat.flyOneCm":9757,"stat.walkOneCm":14052,"stat.pickup.minecraft.wheat_seeds":1,"stat.jump":13,"stat.playOneMinute":31460,"achievement.openInventory":36,"stat.useItem.minecraft.iron_sword":36,"stat.pickup.minecraft.red_flower":1,"stat.sneakTime":2218,"stat.useItem.minecraft.log":4,"stat.crouchOneCm":2482,"stat.timeSinceDeath":31460,"achievement.mineWood":3,"stat.pickup.minecraft.dirt":31,"stat.useItem.minecraft.dirt":14,"stat.mineBlock.minecraft.dirt":31,"stat.sprintOneCm":940,"stat.mineBlock.minecraft.log":3,"achievement.exploreAllBiomes":{"value":0,"progress":["River","Plains","Taiga"]},"stat.mineBlock.minecraft.tallgrass":2,"stat.useItem.minecraft.glowstone":6}