{"stat.pickup.minecraft.sand":5,"stat.walkOneCm":10295,"stat.useItem.minecraft.bread":3,"achievement.openInventory":9,"stat.leaveGame":1,"stat.damageTaken":250,"stat.craftItem.minecraft.crafting_table":1,"stat.talkedToVillager":1,"stat.pickup.minecraft.planks":4,"stat.flyOneCm":3515,"stat.mineBlock.minecraft.planks":4,"stat.pickup.minecraft.wheat_seeds":18,"stat.useItem.minecraft.sand":10,"stat.mineBlock.minecraft.sand":5,"stat.jump":44,"stat.playOneMinute":7760,"stat.fallOneCm":404,"stat.sneakTime":315,"stat.damageDealt":125,"stat.craftItem.minecraft.bread":3,"stat.crouchOneCm":355,"stat.timeSinceDeath":7760,"stat.pickup.minecraft.dirt":1,"stat.useItem.minecraft.dirt":1,"stat.sprintOneCm":3072,"stat.useItem.minecraft.crafting_table":1,"achievement.exploreAllBiomes":{"value":0,"progress":["River","Plains","Taiga"]},"stat.mineBlock.minecraft.tallgrass":2,"stat.pickup.minecraft.wheat":11,"stat.craftingTableInteraction":1}