{"stat.walkOneCm":24601,"stat.useItem.minecraft.torch":2,"achievement.openInventory":18,"stat.useItem.minecraft.stone":22,"stat.useItem.minecraft.iron_sword":43,"stat.useItem.enderio.itemItemConduit":9,"stat.leaveGame":1,"stat.useItem.minecraft.log":5,"stat.damageTaken":20,"stat.pickup.minecraft.leather":3,"stat.mineBlock.minecraft.red_flower":3,"stat.mobKills":5,"stat.mineBlock.minecraft.log":3,"stat.pickup.minecraft.log":3,"stat.useItem.enderio.itemRedstoneConduit":9,"stat.flyOneCm":6859,"stat.jump":93,"stat.swimOneCm":328,"stat.playOneMinute":27765,"stat.fallOneCm":1357,"stat.pickup.minecraft.beef":5,"stat.pickup.minecraft.torch":1,"stat.pickup.minecraft.red_flower":2,"stat.sneakTime":256,"stat.pickup.minecraft.wool":3,"stat.useItem.enderio.itemPowerConduit":3,"stat.damageDealt":411,"stat.crouchOneCm":736,"stat.useItem.minecraft.wool":5,"stat.mineBlock.minecraft.wool":3,"stat.timeSinceDeath":27765,"achievement.mineWood":3,"stat.useItem.minecraft.dirt":34,"stat.pickup.minecraft.dirt":5,"stat.killEntity.Cow":5,"stat.mineBlock.minecraft.dirt":5,"stat.sprintOneCm":1625,"stat.useItem.minecraft.spawn_egg":4,"achievement.exploreAllBiomes":{"value":0,"progress":["Plains"]},"stat.mineBlock.minecraft.tallgrass":9}