{"stat.walkOneCm":14106,"stat.entityKilledBy.Spider":1,"achievement.openInventory":45,"stat.useItem.minecraft.iron_sword":15,"stat.useItem.minecraft.log":7,"stat.damageTaken":420,"stat.killEntity.Spider":1,"stat.mineBlock.minecraft.double_plant":4,"stat.mobKills":1,"stat.mineBlock.minecraft.log":6,"stat.entityKilledBy.Creeper":1,"stat.pickup.minecraft.log":6,"stat.flyOneCm":1407,"stat.deaths":2,"stat.pickup.minecraft.wheat_seeds":6,"stat.jump":11,"stat.playOneMinute":27006,"stat.pickup.minecraft.red_flower":1,"stat.sneakTime":1291,"stat.damageDealt":444,"stat.crouchOneCm":555,"achievement.mineWood":6,"stat.timeSinceDeath":137,"stat.pickup.minecraft.dirt":42,"stat.useItem.minecraft.dirt":31,"stat.mineBlock.minecraft.dirt":42,"stat.sprintOneCm":1087,"achievement.exploreAllBiomes":{"value":0,"progress":["Plains"]},"stat.mineBlock.minecraft.tallgrass":42}