{"stat.useItem.minecraft.bow":3,"stat.pickup.minecraft.bone":9,"stat.leaveGame":38,"stat.pickup.minecraft.arrow":7,"stat.useItem.minecraft.skull":2,"stat.useItem.minecraft.carpet":6,"stat.useItem.minecraft.diamond_sword":4,"stat.pickup.minecraft.flower_pot":2,"stat.useItem.minecraft.potion":1,"stat.pickup.minecraft.diamond_sword":1,"stat.useItem.minecraft.flower_pot":7,"stat.jump":810,"stat.swimOneCm":576,"stat.useItem.minecraft.snow":369,"stat.useItem.minecraft.planks":377,"stat.useItem.minecraft.chorus_flower":33,"stat.crouchOneCm":7552,"stat.useItem.minecraft.dirt":294,"stat.useItem.minecraft.red_sandstone_stairs":9,"achievement.exploreAllBiomes":{"value":0,"progress":["Cold Taiga","Cold Taiga Hills","FrozenRiver","Ice Plains","Cold Beach","Ocean","River","Forest","Cold Taiga M","Plains","Ice Plains Spikes","Ice Mountains"]},"stat.useItem.minecraft.water_bucket":21,"stat.craftingTableInteraction":1,"stat.pickup.minecraft.rotten_flesh":5,"stat.useItem.minecraft.furnace":2,"stat.useItem.minecraft.rail":1,"stat.useItem.minecraft.acacia_door":1,"stat.pickup.minecraft.planks":1,"stat.flyOneCm":777637,"stat.pickup.minecraft.rabbit_hide":2,"stat.drop.minecraft.snow_layer":3,"stat.damageDealt":397,"stat.killEntity.Rabbit":2,"stat.useItem.minecraft.snow_layer":1593,"stat.timeSinceDeath":857708,"stat.useItem.minecraft.crafting_table":27,"stat.walkOneCm":436980,"stat.useItem.minecraft.torch":42,"stat.useItem.minecraft.chest":3,"stat.useItem.minecraft.log":45,"stat.pickup.minecraft.crafting_table":1,"stat.useItem.minecraft.oak_stairs":15,"stat.furnaceInteraction":1,"stat.pickup.minecraft.rabbit_foot":2,"stat.pickup.minecraft.snow_layer":3,"stat.useItem.minecraft.end_stone":28,"stat.sprintOneCm":131017,"stat.useItem.minecraft.tallgrass":27,"stat.useItem.minecraft.redstone_ore":4,"stat.useItem.minecraft.fence":34,"stat.pickup.minecraft.chorus_fruit":1,"stat.useItem.minecraft.glass_pane":17,"stat.drop.minecraft.potion":1,"stat.useItem.minecraft.stone_slab":274,"stat.useItem.minecraft.ice":5,"achievement.openInventory":100,"stat.pickup.minecraft.potion":2,"stat.mobKills":2,"stat.useItem.minecraft.monster_egg":132,"stat.useItem.minecraft.cobblestone_wall":3,"stat.drop":4,"stat.playOneMinute":857708,"stat.useItem.minecraft.chorus_plant":1,"stat.pickup.minecraft.torch":2,"stat.sneakTime":3536,"stat.pickup.minecraft.snowball":4,"stat.diveOneCm":498,"stat.pickup.minecraft.red_sandstone_stairs":1}